Error,Multiple Linear,Random Forest,Polynomial,Neural Network
MSE,0.04509334616930173,0.035794627065954314,0.050361363054642234,0.17322126316681474
MAE,0.16599805315094512,0.1425031080453472,0.1728793534881259,0.33496277975618427
MAPE,0.09281198966329145,0.07926290228632135,0.09595001499595922,0.18837266550172688
$R^2$,0.5933711793980856,0.677222290555517,0.5458668871915499,0.5665124890171458
Kfold,0.5906721385598737,0.6819066908089149,0.5906721385598737,-0.06201069317758083
